"ethnicity","patient_count","obsession_scoreselect"
"Hispanic","392","20.2831632653061224"
"Caucasian","398","19.7914572864321608"
"Asian","386","20.3160621761658031"
"African","324","19.7592592592592593"
